input_file_name	gene_symbol	gene_name	reference_database_name	reference_database_version	reference_accession	analysis_software_name	analysis_software_version	genetic_variation_type	antimicrobial_agent	coverage_percentage	coverage_depth	coverage_ratio	drug_class	input_gene_length	input_gene_start	input_gene_stop	input_protein_length	input_protein_start	input_protein_stop	input_sequence_id	nucleotide_mutation	nucleotide_mutation_interpretation	predicted_phenotype	predicted_phenotype_confidence_level	amino_acid_mutation	amino_acid_mutation_interpretation	reference_gene_length	reference_gene_start	reference_gene_stop	reference_protein_length	reference_protein_start	reference_protein_stop	resistance_mechanism	strand_orientation	sequence_identity
A0510ECO_A0510ECO-class_A-hmmsearched.out.fargene	classA	classA_70_centroids-aligned	fargene_hmms	0.1	classA_70_centroids-aligned	fargene	0.1	gene_presence_detected					classA				4570	812	1074	681										295	29	292			
A0510ECO_A0510ECO-class_B_1_2-hmmsearched.out.fargene	b1	b1_b2_70_centroids-aligned	fargene_hmms	0.1	b1_b2_70_centroids-aligned	fargene	0.1	gene_presence_detected					b1				32075	24443	24499	195										248	57	112			
A0510ECO_A0510ECO-class_B_1_2-hmmsearched.out.fargene	b1	b1_b2_70_centroids-aligned	fargene_hmms	0.1	b1_b2_70_centroids-aligned	fargene	0.1	gene_presence_detected					b1				10790	8819	8877	492										248	77	134			
A0510ECO_A0510ECO-class_B_3-hmmsearched.out.fargene	b3	b3_70_centroids-aligned	fargene_hmms	0.1	b3_70_centroids-aligned	fargene	0.1	gene_presence_detected					b3				54957	19472	19561	75										300	100	191			
A0510ECO_A0510ECO-class_B_3-hmmsearched.out.fargene	b3	b3_70_centroids-aligned	fargene_hmms	0.1	b3_70_centroids-aligned	fargene	0.1	gene_presence_detected					b3				67603	14766	14841	21										300	61	137			
A0510ECO_A0510ECO-class_B_3-hmmsearched.out.fargene	b3	b3_70_centroids-aligned	fargene_hmms	0.1	b3_70_centroids-aligned	fargene	0.1	gene_presence_detected					b3				32075	21547	21559	195										300	102	114			
A0510ECO_A0510ECO-class_B_3-hmmsearched.out.fargene	b3	b3_70_centroids-aligned	fargene_hmms	0.1	b3_70_centroids-aligned	fargene	0.1	gene_presence_detected					b3				32075	24428	24504	195										300	45	120			
A0510ECO_A0510ECO-class_B_3-hmmsearched.out.fargene	b3	b3_70_centroids-aligned	fargene_hmms	0.1	b3_70_centroids-aligned	fargene	0.1	gene_presence_detected					b3				10790	8839	8858	492										300	101	120			
A0510ECO_A0510ECO-class_C-hmmsearched.out.fargene	class	class_C_70_centroids-aligned	fargene_hmms	0.1	class_C_70_centroids-aligned	fargene	0.1	gene_presence_detected					class				33406	31504	31877	162										389	12	388			
A0510ECO_A0510ECO-class_C-hmmsearched.out.fargene	class	class_C_70_centroids-aligned	fargene_hmms	0.1	class_C_70_centroids-aligned	fargene	0.1	gene_presence_detected					class				45071	43451	43796	85										389	11	368			
A0510ECO_A0510ECO-class_C-hmmsearched.out.fargene	class	class_C_70_centroids-aligned	fargene_hmms	0.1	class_C_70_centroids-aligned	fargene	0.1	gene_presence_detected					class				65235	8258	8446	33										389	51	216			
A0510ECO_A0510ECO-class_D_1-hmmsearched.out.fargene	oxa	oxa_g1_70_centroids-aligned	fargene_hmms	0.1	oxa_g1_70_centroids-aligned	fargene	0.1	gene_presence_detected					oxa				744	52	246	1002										270	29	240			
A0510ECO_A0510ECO-class_D_2-hmmsearched.out.fargene	oxa	oxa_g2_70_centroids-aligned	fargene_hmms	0.1	oxa_g2_70_centroids-aligned	fargene	0.1	gene_presence_detected					oxa				744	14	272	1002										270	8	269			
A0510ECO_A0510ECO-qnr-hmmsearched.out.fargene	pmqnr	pmqnr_20120719.pfa	fargene_hmms	0.1	pmqnr_20120719.pfa	fargene	0.1	gene_presence_detected					pmqnr				6988	34	199	613										217	11	182			
A0510ECO_A0510ECO-qnr-hmmsearched.out.fargene	pmqnr	pmqnr_20120719.pfa	fargene_hmms	0.1	pmqnr_20120719.pfa	fargene	0.1	gene_presence_detected					pmqnr				6988	214	262	613										217	41	90			
A0510ECO_A0510ECO-qnr-hmmsearched.out.fargene	pmqnr	pmqnr_20120719.pfa	fargene_hmms	0.1	pmqnr_20120719.pfa	fargene	0.1	gene_presence_detected					pmqnr				15996	13305	13439	341										217	7	139			
A0510ECO_A0510ECO-tet_efflux-hmmsearched.out.fargene	efflux	efflux_model_group_1-aligned	fargene_hmms	0.1	efflux_model_group_1-aligned	fargene	0.1	gene_presence_detected					efflux				2163	1360	1754	801										399	1	396			
A0510ECO_A0510ECO-tet_efflux-hmmsearched.out.fargene	efflux	efflux_model_group_1-aligned	fargene_hmms	0.1	efflux_model_group_1-aligned	fargene	0.1	gene_presence_detected					efflux				35157	28627	29003	142										399	2	377			
A0510ECO_A0510ECO-tet_efflux-hmmsearched.out.fargene	efflux	efflux_model_group_1-aligned	fargene_hmms	0.1	efflux_model_group_1-aligned	fargene	0.1	gene_presence_detected					efflux				45070	26746	27112	86										399	11	385			
A0510ECO_A0510ECO-tet_efflux-hmmsearched.out.fargene	efflux	efflux_model_group_1-aligned	fargene_hmms	0.1	efflux_model_group_1-aligned	fargene	0.1	gene_presence_detected					efflux				34451	16132	16397	156										399	1	270			
A0510ECO_A0510ECO-tet_efflux-hmmsearched.out.fargene	efflux	efflux_model_group_1-aligned	fargene_hmms	0.1	efflux_model_group_1-aligned	fargene	0.1	gene_presence_detected					efflux				9183	623	806	534										399	3	187			
A0510ECO_A0510ECO-tet_efflux-hmmsearched.out.fargene	efflux	efflux_model_group_1-aligned	fargene_hmms	0.1	efflux_model_group_1-aligned	fargene	0.1	gene_presence_detected					efflux				35157	25349	25582	143										399	8	243			
A0510ECO_A0510ECO-tet_efflux-hmmsearched.out.fargene	efflux	efflux_model_group_1-aligned	fargene_hmms	0.1	efflux_model_group_1-aligned	fargene	0.1	gene_presence_detected					efflux				10883	8432	8658	485										399	19	238			
A0510ECO_A0510ECO-tet_efflux-hmmsearched.out.fargene	efflux	efflux_model_group_1-aligned	fargene_hmms	0.1	efflux_model_group_1-aligned	fargene	0.1	gene_presence_detected					efflux				2539	1193	1540	733										399	41	390			
A0510ECO_A0510ECO-tet_enzyme-hmmsearched.out.fargene	enzyme	enzyme_reduced_tetX1_X3-aligned	fargene_hmms	0.1	enzyme_reduced_tetX1_X3-aligned	fargene	0.1	gene_presence_detected					enzyme				10882	4297	4635	483										389	5	346			
A0510ECO_A0510ECO-tet_enzyme-hmmsearched.out.fargene	enzyme	enzyme_reduced_tetX1_X3-aligned	fargene_hmms	0.1	enzyme_reduced_tetX1_X3-aligned	fargene	0.1	gene_presence_detected					enzyme				55253	36810	37128	64										389	6	323			
A0510ECO_A0510ECO-tet_enzyme-hmmsearched.out.fargene	enzyme	enzyme_reduced_tetX1_X3-aligned	fargene_hmms	0.1	enzyme_reduced_tetX1_X3-aligned	fargene	0.1	gene_presence_detected					enzyme				55253	44646	44681	64										389	4	39			
A0510ECO_A0510ECO-tet_enzyme-hmmsearched.out.fargene	enzyme	enzyme_reduced_tetX1_X3-aligned	fargene_hmms	0.1	enzyme_reduced_tetX1_X3-aligned	fargene	0.1	gene_presence_detected					enzyme				44910	34045	34213	94										389	7	167			
A0510ECO_A0510ECO-tet_enzyme-hmmsearched.out.fargene	enzyme	enzyme_reduced_tetX1_X3-aligned	fargene_hmms	0.1	enzyme_reduced_tetX1_X3-aligned	fargene	0.1	gene_presence_detected					enzyme				44910	34322	34368	94										389	286	333			
A0510ECO_A0510ECO-tet_enzyme-hmmsearched.out.fargene	enzyme	enzyme_reduced_tetX1_X3-aligned	fargene_hmms	0.1	enzyme_reduced_tetX1_X3-aligned	fargene	0.1	gene_presence_detected					enzyme				55253	37214	37382	66										389	7	166			
A0510ECO_A0510ECO-tet_enzyme-hmmsearched.out.fargene	enzyme	enzyme_reduced_tetX1_X3-aligned	fargene_hmms	0.1	enzyme_reduced_tetX1_X3-aligned	fargene	0.1	gene_presence_detected					enzyme				55253	37487	37528	66										389	279	320			
A0510ECO_A0510ECO-tet_enzyme-hmmsearched.out.fargene	enzyme	enzyme_reduced_tetX1_X3-aligned	fargene_hmms	0.1	enzyme_reduced_tetX1_X3-aligned	fargene	0.1	gene_presence_detected					enzyme				65235	47246	47279	36										389	6	39			
A0510ECO_A0510ECO-tet_enzyme-hmmsearched.out.fargene	enzyme	enzyme_reduced_tetX1_X3-aligned	fargene_hmms	0.1	enzyme_reduced_tetX1_X3-aligned	fargene	0.1	gene_presence_detected					enzyme				42932	23988	24022	113										389	6	40			
A0510ECO_A0510ECO-tet_enzyme-hmmsearched.out.fargene	enzyme	enzyme_reduced_tetX1_X3-aligned	fargene_hmms	0.1	enzyme_reduced_tetX1_X3-aligned	fargene	0.1	gene_presence_detected					enzyme				55253	6509	6541	63										389	8	40			
A0510ECO_A0510ECO-tet_enzyme-hmmsearched.out.fargene	enzyme	enzyme_reduced_tetX1_X3-aligned	fargene_hmms	0.1	enzyme_reduced_tetX1_X3-aligned	fargene	0.1	gene_presence_detected					enzyme				20076	12319	12352	294										389	6	39			
A0510ECO_A0510ECO-tet_enzyme-hmmsearched.out.fargene	enzyme	enzyme_reduced_tetX1_X3-aligned	fargene_hmms	0.1	enzyme_reduced_tetX1_X3-aligned	fargene	0.1	gene_presence_detected					enzyme				99041	42655	42811	13										389	9	162			
A0510ECO_A0510ECO-tet_enzyme-hmmsearched.out.fargene	enzyme	enzyme_reduced_tetX1_X3-aligned	fargene_hmms	0.1	enzyme_reduced_tetX1_X3-aligned	fargene	0.1	gene_presence_detected					enzyme				99041	70023	70058	13										389	6	41			
A0510ECO_A0510ECO-tet_rpg-hmmsearched.out.fargene	rpg	rpg_reference_sequences-aligned	fargene_hmms	0.1	rpg_reference_sequences-aligned	fargene	0.1	gene_presence_detected					rpg				64062	63275	63958	41										646	5	621			
A0510ECO_A0510ECO-tet_rpg-hmmsearched.out.fargene	rpg	rpg_reference_sequences-aligned	fargene_hmms	0.1	rpg_reference_sequences-aligned	fargene	0.1	gene_presence_detected					rpg				99041	17013	17464	13										646	7	421			
A0510ECO_A0510ECO-tet_rpg-hmmsearched.out.fargene	rpg	rpg_reference_sequences-aligned	fargene_hmms	0.1	rpg_reference_sequences-aligned	fargene	0.1	gene_presence_detected					rpg				29241	5816	5955	222										646	3	144			
A0510ECO_A0510ECO-tet_rpg-hmmsearched.out.fargene	rpg	rpg_reference_sequences-aligned	fargene_hmms	0.1	rpg_reference_sequences-aligned	fargene	0.1	gene_presence_detected					rpg				29241	5971	6117	222										646	216	348			
A0510ECO_A0510ECO-tet_rpg-hmmsearched.out.fargene	rpg	rpg_reference_sequences-aligned	fargene_hmms	0.1	rpg_reference_sequences-aligned	fargene	0.1	gene_presence_detected					rpg				29241	6208	6287	222										646	539	617			
A0510ECO_A0510ECO-tet_rpg-hmmsearched.out.fargene	rpg	rpg_reference_sequences-aligned	fargene_hmms	0.1	rpg_reference_sequences-aligned	fargene	0.1	gene_presence_detected					rpg				65235	6329	6476	34										646	2	147			
A0510ECO_A0510ECO-tet_rpg-hmmsearched.out.fargene	rpg	rpg_reference_sequences-aligned	fargene_hmms	0.1	rpg_reference_sequences-aligned	fargene	0.1	gene_presence_detected					rpg				65235	6487	6708	34										646	221	435			
A0510ECO_A0510ECO-tet_rpg-hmmsearched.out.fargene	rpg	rpg_reference_sequences-aligned	fargene_hmms	0.1	rpg_reference_sequences-aligned	fargene	0.1	gene_presence_detected					rpg				65235	6724	6793	34										646	537	605			
A0510ECO_A0510ECO-tet_rpg-hmmsearched.out.fargene	rpg	rpg_reference_sequences-aligned	fargene_hmms	0.1	rpg_reference_sequences-aligned	fargene	0.1	gene_presence_detected					rpg				42932	33829	33949	114										646	30	144			
A0510ECO_A0510ECO-tet_rpg-hmmsearched.out.fargene	rpg	rpg_reference_sequences-aligned	fargene_hmms	0.1	rpg_reference_sequences-aligned	fargene	0.1	gene_presence_detected					rpg				319	10	89	1221										646	73	149			
A0510ECO_A0510ECO-tet_rpg-hmmsearched.out.fargene	rpg	rpg_reference_sequences-aligned	fargene_hmms	0.1	rpg_reference_sequences-aligned	fargene	0.1	gene_presence_detected					rpg				31436	805	936	215										646	30	149			
A0510ECO_A0510ECO-tet_rpg-hmmsearched.out.fargene	rpg	rpg_reference_sequences-aligned	fargene_hmms	0.1	rpg_reference_sequences-aligned	fargene	0.1	gene_presence_detected					rpg				67603	37678	37768	25										646	43	132			
A0510ECO_A0510ECO-tet_rpg-hmmsearched.out.fargene	rpg	rpg_reference_sequences-aligned	fargene_hmms	0.1	rpg_reference_sequences-aligned	fargene	0.1	gene_presence_detected					rpg				1476	1419	1474	873										646	4	61			
A0510ECO_A0510ECO-tet_rpg-hmmsearched.out.fargene	rpg	rpg_reference_sequences-aligned	fargene_hmms	0.1	rpg_reference_sequences-aligned	fargene	0.1	gene_presence_detected					rpg				64061	64004	64059	42										646	4	61			
A0510ECO_orfs-class_A-hmmsearched.out.fargene	classA	classA_70_centroids-aligned	fargene_hmms	0.1	classA_70_centroids-aligned	fargene	0.1	gene_presence_detected					classA				287	26	285	68_seq1_1										295	33	292			
A0510ECO_orfs-tet_efflux-hmmsearched.out.fargene	efflux	efflux_model_group_1-aligned	fargene_hmms	0.1	efflux_model_group_1-aligned	fargene	0.1	gene_presence_detected					efflux				402	1	396	80_seq1_1										399	1	397			
A0510ECO_retrieved-genes-class_A-hmmsearched.out.fargene	classA	classA_70_centroids-aligned	fargene_hmms	0.1	classA_70_centroids-aligned	fargene	0.1	gene_presence_detected					classA				289	26	287	A0510ECO_68_seq1_1										295	29	291			
A0510ECO_retrieved-genes-class_C-hmmsearched.out.fargene	class	class_C_70_centroids-aligned	fargene_hmms	0.1	class_C_70_centroids-aligned	fargene	0.1	gene_presence_detected					class				381	8	380	A0510ECO_16_seq1_1										389	12	387			
A0510ECO_retrieved-genes-class_D_2-hmmsearched.out.fargene	oxa	oxa_g2_70_centroids-aligned	fargene_hmms	0.1	oxa_g2_70_centroids-aligned	fargene	0.1	gene_presence_detected					oxa				269	10	268	A0510ECO_100_seq1_1										270	8	269			
A0510ECO_retrieved-genes-tet_efflux-hmmsearched.out.fargene	efflux	efflux_model_group_1-aligned	fargene_hmms	0.1	efflux_model_group_1-aligned	fargene	0.1	gene_presence_detected					efflux				398	1	395	A0510ECO_80_seq1_1										399	1	396			
A0706KPN_A0706KPN-class_A-hmmsearched.out.fargene	classA	classA_70_centroids-aligned	fargene_hmms	0.1	classA_70_centroids-aligned	fargene	0.1	gene_presence_detected					classA				465	23	306	3332										295	6	292			
A0706KPN_A0706KPN-class_A-hmmsearched.out.fargene	classA	classA_70_centroids-aligned	fargene_hmms	0.1	classA_70_centroids-aligned	fargene	0.1	gene_presence_detected					classA				1879	395	657	2135										295	29	292			
A0706KPN_A0706KPN-class_A-hmmsearched.out.fargene	classA	classA_70_centroids-aligned	fargene_hmms	0.1	classA_70_centroids-aligned	fargene	0.1	gene_presence_detected					classA				7066	3585	3865	906										295	15	293			
A0706KPN_A0706KPN-class_B_1_2-hmmsearched.out.fargene	b1	b1_b2_70_centroids-aligned	fargene_hmms	0.1	b1_b2_70_centroids-aligned	fargene	0.1	gene_presence_detected					b1				11224	3105	3313	524										248	46	240			
A0706KPN_A0706KPN-class_B_1_2-hmmsearched.out.fargene	b1	b1_b2_70_centroids-aligned	fargene_hmms	0.1	b1_b2_70_centroids-aligned	fargene	0.1	gene_presence_detected					b1				7798	5418	5471	822										248	77	129			
A0706KPN_A0706KPN-class_B_3-hmmsearched.out.fargene	b3	b3_70_centroids-aligned	fargene_hmms	0.1	b3_70_centroids-aligned	fargene	0.1	gene_presence_detected					b3				27425	11622	11726	91										300	82	191			
A0706KPN_A0706KPN-class_B_3-hmmsearched.out.fargene	b3	b3_70_centroids-aligned	fargene_hmms	0.1	b3_70_centroids-aligned	fargene	0.1	gene_presence_detected					b3				32778	12804	12951	55										300	56	194			
A0706KPN_A0706KPN-class_B_3-hmmsearched.out.fargene	b3	b3_70_centroids-aligned	fargene_hmms	0.1	b3_70_centroids-aligned	fargene	0.1	gene_presence_detected					b3				6017	1359	1469	1102										300	86	197			
A0706KPN_A0706KPN-class_B_3-hmmsearched.out.fargene	b3	b3_70_centroids-aligned	fargene_hmms	0.1	b3_70_centroids-aligned	fargene	0.1	gene_presence_detected					b3				13846	5049	5115	404										300	58	112			
A0706KPN_A0706KPN-class_B_3-hmmsearched.out.fargene	b3	b3_70_centroids-aligned	fargene_hmms	0.1	b3_70_centroids-aligned	fargene	0.1	gene_presence_detected					b3				7798	5437	5457	822										300	100	120			
A0706KPN_A0706KPN-class_B_3-hmmsearched.out.fargene	b3	b3_70_centroids-aligned	fargene_hmms	0.1	b3_70_centroids-aligned	fargene	0.1	gene_presence_detected					b3				7798	5473	5507	822										300	157	191			
A0706KPN_A0706KPN-class_B_3-hmmsearched.out.fargene	b3	b3_70_centroids-aligned	fargene_hmms	0.1	b3_70_centroids-aligned	fargene	0.1	gene_presence_detected					b3				17574	797	871	245										300	61	136			
A0706KPN_A0706KPN-class_B_3-hmmsearched.out.fargene	b3	b3_70_centroids-aligned	fargene_hmms	0.1	b3_70_centroids-aligned	fargene	0.1	gene_presence_detected					b3				324	169	234	3833										300	95	160			
A0706KPN_A0706KPN-class_C-hmmsearched.out.fargene	class	class_C_70_centroids-aligned	fargene_hmms	0.1	class_C_70_centroids-aligned	fargene	0.1	gene_presence_detected					class				50275	49527	49867	16										389	15	367			
A0706KPN_A0706KPN-class_C-hmmsearched.out.fargene	class	class_C_70_centroids-aligned	fargene_hmms	0.1	class_C_70_centroids-aligned	fargene	0.1	gene_presence_detected					class				28633	26721	26868	73										389	82	214			
A0706KPN_A0706KPN-class_D_1-hmmsearched.out.fargene	oxa	oxa_g1_70_centroids-aligned	fargene_hmms	0.1	oxa_g1_70_centroids-aligned	fargene	0.1	gene_presence_detected					oxa				728	274	531	2944										270	9	265			
A0706KPN_A0706KPN-class_D_1-hmmsearched.out.fargene	oxa	oxa_g1_70_centroids-aligned	fargene_hmms	0.1	oxa_g1_70_centroids-aligned	fargene	0.1	gene_presence_detected					oxa				744	52	246	2902										270	29	240			
A0706KPN_A0706KPN-class_D_2-hmmsearched.out.fargene	oxa	oxa_g2_70_centroids-aligned	fargene_hmms	0.1	oxa_g2_70_centroids-aligned	fargene	0.1	gene_presence_detected					oxa				744	14	272	2902										270	8	269			
A0706KPN_A0706KPN-class_D_2-hmmsearched.out.fargene	oxa	oxa_g2_70_centroids-aligned	fargene_hmms	0.1	oxa_g2_70_centroids-aligned	fargene	0.1	gene_presence_detected					oxa				728	263	507	2944										270	8	244			
A0706KPN_A0706KPN-class_D_2-hmmsearched.out.fargene	oxa	oxa_g2_70_centroids-aligned	fargene_hmms	0.1	oxa_g2_70_centroids-aligned	fargene	0.1	gene_presence_detected					oxa				9653	7681	7777	635										270	65	151			
A0706KPN_A0706KPN-class_D_2-hmmsearched.out.fargene	oxa	oxa_g2_70_centroids-aligned	fargene_hmms	0.1	oxa_g2_70_centroids-aligned	fargene	0.1	gene_presence_detected					oxa				16629	6745	6835	281										270	71	152			
A0706KPN_A0706KPN-qnr-hmmsearched.out.fargene	pmqnr	pmqnr_20120719.pfa	fargene_hmms	0.1	pmqnr_20120719.pfa	fargene	0.1	gene_presence_detected					pmqnr				2470	2011	2226	1916										217	2	217			
A0706KPN_A0706KPN-tet_efflux-hmmsearched.out.fargene	efflux	efflux_model_group_1-aligned	fargene_hmms	0.1	efflux_model_group_1-aligned	fargene	0.1	gene_presence_detected					efflux				1229	350	738	2582										399	2	391			
A0706KPN_A0706KPN-tet_efflux-hmmsearched.out.fargene	efflux	efflux_model_group_1-aligned	fargene_hmms	0.1	efflux_model_group_1-aligned	fargene	0.1	gene_presence_detected					efflux				50276	2788	2996	11										399	15	223			
A0706KPN_A0706KPN-tet_efflux-hmmsearched.out.fargene	efflux	efflux_model_group_1-aligned	fargene_hmms	0.1	efflux_model_group_1-aligned	fargene	0.1	gene_presence_detected					efflux				50276	2992	3168	11										399	13	186			
A0706KPN_A0706KPN-tet_efflux-hmmsearched.out.fargene	efflux	efflux_model_group_1-aligned	fargene_hmms	0.1	efflux_model_group_1-aligned	fargene	0.1	gene_presence_detected					efflux				50276	9038	9137	11										399	290	386			
A0706KPN_A0706KPN-tet_efflux-hmmsearched.out.fargene	efflux	efflux_model_group_1-aligned	fargene_hmms	0.1	efflux_model_group_1-aligned	fargene	0.1	gene_presence_detected					efflux				50276	9347	9425	11										399	156	235			
A0706KPN_A0706KPN-tet_efflux-hmmsearched.out.fargene	efflux	efflux_model_group_1-aligned	fargene_hmms	0.1	efflux_model_group_1-aligned	fargene	0.1	gene_presence_detected					efflux				21295	17293	17672	135										399	4	382			
A0706KPN_A0706KPN-tet_efflux-hmmsearched.out.fargene	efflux	efflux_model_group_1-aligned	fargene_hmms	0.1	efflux_model_group_1-aligned	fargene	0.1	gene_presence_detected					efflux				2690	311	490	1815										399	7	188			
A0706KPN_A0706KPN-tet_efflux-hmmsearched.out.fargene	efflux	efflux_model_group_1-aligned	fargene_hmms	0.1	efflux_model_group_1-aligned	fargene	0.1	gene_presence_detected					efflux				2690	585	718	1815										399	235	364			
A0706KPN_A0706KPN-tet_efflux-hmmsearched.out.fargene	efflux	efflux_model_group_1-aligned	fargene_hmms	0.1	efflux_model_group_1-aligned	fargene	0.1	gene_presence_detected					efflux				2690	757	779	1815										399	156	178			
A0706KPN_A0706KPN-tet_efflux-hmmsearched.out.fargene	efflux	efflux_model_group_1-aligned	fargene_hmms	0.1	efflux_model_group_1-aligned	fargene	0.1	gene_presence_detected					efflux				50276	23617	23964	15										399	54	392			
A0706KPN_A0706KPN-tet_efflux-hmmsearched.out.fargene	efflux	efflux_model_group_1-aligned	fargene_hmms	0.1	efflux_model_group_1-aligned	fargene	0.1	gene_presence_detected					efflux				50276	29151	29403	15										399	11	264			
A0706KPN_A0706KPN-tet_efflux-hmmsearched.out.fargene	efflux	efflux_model_group_1-aligned	fargene_hmms	0.1	efflux_model_group_1-aligned	fargene	0.1	gene_presence_detected					efflux				50276	29452	29517	15										399	112	176			
A0706KPN_A0706KPN-tet_efflux-hmmsearched.out.fargene	efflux	efflux_model_group_1-aligned	fargene_hmms	0.1	efflux_model_group_1-aligned	fargene	0.1	gene_presence_detected					efflux				344	22	187	3734										399	41	201			
A0706KPN_A0706KPN-tet_efflux-hmmsearched.out.fargene	efflux	efflux_model_group_1-aligned	fargene_hmms	0.1	efflux_model_group_1-aligned	fargene	0.1	gene_presence_detected					efflux				344	229	328	3734										399	45	144			
A0706KPN_A0706KPN-tet_efflux-hmmsearched.out.fargene	efflux	efflux_model_group_1-aligned	fargene_hmms	0.1	efflux_model_group_1-aligned	fargene	0.1	gene_presence_detected					efflux				6224	816	1145	1061										399	20	352			
A0706KPN_A0706KPN-tet_efflux-hmmsearched.out.fargene	efflux	efflux_model_group_1-aligned	fargene_hmms	0.1	efflux_model_group_1-aligned	fargene	0.1	gene_presence_detected					efflux				6224	1776	1824	1061										399	53	99			
A0706KPN_A0706KPN-tet_efflux-hmmsearched.out.fargene	efflux	efflux_model_group_1-aligned	fargene_hmms	0.1	efflux_model_group_1-aligned	fargene	0.1	gene_presence_detected					efflux				1785	455	628	2195										399	21	189			
A0706KPN_A0706KPN-tet_efflux-hmmsearched.out.fargene	efflux	efflux_model_group_1-aligned	fargene_hmms	0.1	efflux_model_group_1-aligned	fargene	0.1	gene_presence_detected					efflux				1785	744	796	2195										399	12	64			
A0706KPN_A0706KPN-tet_efflux-hmmsearched.out.fargene	efflux	efflux_model_group_1-aligned	fargene_hmms	0.1	efflux_model_group_1-aligned	fargene	0.1	gene_presence_detected					efflux				5952	691	993	1121										399	3	311			
A0706KPN_A0706KPN-tet_efflux-hmmsearched.out.fargene	efflux	efflux_model_group_1-aligned	fargene_hmms	0.1	efflux_model_group_1-aligned	fargene	0.1	gene_presence_detected					efflux				15875	11471	11799	312										399	54	384			
A0706KPN_A0706KPN-tet_efflux-hmmsearched.out.fargene	efflux	efflux_model_group_1-aligned	fargene_hmms	0.1	efflux_model_group_1-aligned	fargene	0.1	gene_presence_detected					efflux				9678	327	453	605										399	38	164			
A0706KPN_A0706KPN-tet_efflux-hmmsearched.out.fargene	efflux	efflux_model_group_1-aligned	fargene_hmms	0.1	efflux_model_group_1-aligned	fargene	0.1	gene_presence_detected					efflux				9678	580	673	605										399	102	201			
A0706KPN_A0706KPN-tet_efflux-hmmsearched.out.fargene	efflux	efflux_model_group_1-aligned	fargene_hmms	0.1	efflux_model_group_1-aligned	fargene	0.1	gene_presence_detected					efflux				21294	14724	14901	134										399	8	186			
A0706KPN_A0706KPN-tet_efflux-hmmsearched.out.fargene	efflux	efflux_model_group_1-aligned	fargene_hmms	0.1	efflux_model_group_1-aligned	fargene	0.1	gene_presence_detected					efflux				3028	437	618	1665										399	3	185			
A0706KPN_A0706KPN-tet_efflux-hmmsearched.out.fargene	efflux	efflux_model_group_1-aligned	fargene_hmms	0.1	efflux_model_group_1-aligned	fargene	0.1	gene_presence_detected					efflux				7589	4321	4473	856										399	37	187			
A0706KPN_A0706KPN-tet_efflux-hmmsearched.out.fargene	efflux	efflux_model_group_1-aligned	fargene_hmms	0.1	efflux_model_group_1-aligned	fargene	0.1	gene_presence_detected					efflux				7589	4598	4708	856										399	62	168			
A0706KPN_A0706KPN-tet_efflux-hmmsearched.out.fargene	efflux	efflux_model_group_1-aligned	fargene_hmms	0.1	efflux_model_group_1-aligned	fargene	0.1	gene_presence_detected					efflux				17324	7844	7984	255										399	54	192			
A0706KPN_A0706KPN-tet_efflux-hmmsearched.out.fargene	efflux	efflux_model_group_1-aligned	fargene_hmms	0.1	efflux_model_group_1-aligned	fargene	0.1	gene_presence_detected					efflux				443	28	316	3376										399	19	298			
A0706KPN_A0706KPN-tet_efflux-hmmsearched.out.fargene	efflux	efflux_model_group_1-aligned	fargene_hmms	0.1	efflux_model_group_1-aligned	fargene	0.1	gene_presence_detected					efflux				443	364	399	3376										399	256	292			
A0706KPN_A0706KPN-tet_efflux-hmmsearched.out.fargene	efflux	efflux_model_group_1-aligned	fargene_hmms	0.1	efflux_model_group_1-aligned	fargene	0.1	gene_presence_detected					efflux				2569	1552	1739	1871										399	40	223			
A0706KPN_A0706KPN-tet_efflux-hmmsearched.out.fargene	efflux	efflux_model_group_1-aligned	fargene_hmms	0.1	efflux_model_group_1-aligned	fargene	0.1	gene_presence_detected					efflux				11224	2098	2422	521										399	12	340			
A0706KPN_A0706KPN-tet_enzyme-hmmsearched.out.fargene	enzyme	enzyme_reduced_tetX1_X3-aligned	fargene_hmms	0.1	enzyme_reduced_tetX1_X3-aligned	fargene	0.1	gene_presence_detected					enzyme				27786	21474	21802	83										389	6	335			
A0706KPN_A0706KPN-tet_enzyme-hmmsearched.out.fargene	enzyme	enzyme_reduced_tetX1_X3-aligned	fargene_hmms	0.1	enzyme_reduced_tetX1_X3-aligned	fargene	0.1	gene_presence_detected					enzyme				6855	761	799	951										389	225	263			
A0706KPN_A0706KPN-tet_enzyme-hmmsearched.out.fargene	enzyme	enzyme_reduced_tetX1_X3-aligned	fargene_hmms	0.1	enzyme_reduced_tetX1_X3-aligned	fargene	0.1	gene_presence_detected					enzyme				6855	6349	6519	951										389	4	167			
A0706KPN_A0706KPN-tet_enzyme-hmmsearched.out.fargene	enzyme	enzyme_reduced_tetX1_X3-aligned	fargene_hmms	0.1	enzyme_reduced_tetX1_X3-aligned	fargene	0.1	gene_presence_detected					enzyme				6855	6623	6684	951										389	283	342			
A0706KPN_A0706KPN-tet_enzyme-hmmsearched.out.fargene	enzyme	enzyme_reduced_tetX1_X3-aligned	fargene_hmms	0.1	enzyme_reduced_tetX1_X3-aligned	fargene	0.1	gene_presence_detected					enzyme				9106	1564	1731	675										389	8	166			
A0706KPN_A0706KPN-tet_enzyme-hmmsearched.out.fargene	enzyme	enzyme_reduced_tetX1_X3-aligned	fargene_hmms	0.1	enzyme_reduced_tetX1_X3-aligned	fargene	0.1	gene_presence_detected					enzyme				9106	1836	1878	675										389	279	321			
A0706KPN_A0706KPN-tet_enzyme-hmmsearched.out.fargene	enzyme	enzyme_reduced_tetX1_X3-aligned	fargene_hmms	0.1	enzyme_reduced_tetX1_X3-aligned	fargene	0.1	gene_presence_detected					enzyme				9653	9225	9395	632										389	5	167			
A0706KPN_A0706KPN-tet_enzyme-hmmsearched.out.fargene	enzyme	enzyme_reduced_tetX1_X3-aligned	fargene_hmms	0.1	enzyme_reduced_tetX1_X3-aligned	fargene	0.1	gene_presence_detected					enzyme				9653	9504	9539	632										389	286	321			
A0706KPN_A0706KPN-tet_enzyme-hmmsearched.out.fargene	enzyme	enzyme_reduced_tetX1_X3-aligned	fargene_hmms	0.1	enzyme_reduced_tetX1_X3-aligned	fargene	0.1	gene_presence_detected					enzyme				9106	1165	1480	676										389	8	322			
A0706KPN_A0706KPN-tet_enzyme-hmmsearched.out.fargene	enzyme	enzyme_reduced_tetX1_X3-aligned	fargene_hmms	0.1	enzyme_reduced_tetX1_X3-aligned	fargene	0.1	gene_presence_detected					enzyme				7684	4897	4959	844										389	6	66			
A0706KPN_A0706KPN-tet_enzyme-hmmsearched.out.fargene	enzyme	enzyme_reduced_tetX1_X3-aligned	fargene_hmms	0.1	enzyme_reduced_tetX1_X3-aligned	fargene	0.1	gene_presence_detected					enzyme				7684	5173	5198	844										389	283	308			
A0706KPN_A0706KPN-tet_enzyme-hmmsearched.out.fargene	enzyme	enzyme_reduced_tetX1_X3-aligned	fargene_hmms	0.1	enzyme_reduced_tetX1_X3-aligned	fargene	0.1	gene_presence_detected					enzyme				10528	3769	3802	566										389	6	39			
A0706KPN_A0706KPN-tet_enzyme-hmmsearched.out.fargene	enzyme	enzyme_reduced_tetX1_X3-aligned	fargene_hmms	0.1	enzyme_reduced_tetX1_X3-aligned	fargene	0.1	gene_presence_detected					enzyme				17720	14757	14790	233										389	7	40			
A0706KPN_A0706KPN-tet_enzyme-hmmsearched.out.fargene	enzyme	enzyme_reduced_tetX1_X3-aligned	fargene_hmms	0.1	enzyme_reduced_tetX1_X3-aligned	fargene	0.1	gene_presence_detected					enzyme				14135	6948	7000	385										389	4	58			
A0706KPN_A0706KPN-tet_enzyme-hmmsearched.out.fargene	enzyme	enzyme_reduced_tetX1_X3-aligned	fargene_hmms	0.1	enzyme_reduced_tetX1_X3-aligned	fargene	0.1	gene_presence_detected					enzyme				8676	5727	5761	732										389	6	40			
A0706KPN_A0706KPN-tet_enzyme-hmmsearched.out.fargene	enzyme	enzyme_reduced_tetX1_X3-aligned	fargene_hmms	0.1	enzyme_reduced_tetX1_X3-aligned	fargene	0.1	gene_presence_detected					enzyme				1423	628	658	2425										389	8	38			
A0706KPN_A0706KPN-tet_enzyme-hmmsearched.out.fargene	enzyme	enzyme_reduced_tetX1_X3-aligned	fargene_hmms	0.1	enzyme_reduced_tetX1_X3-aligned	fargene	0.1	gene_presence_detected					enzyme				6228	4614	4664	1054										389	5	50			
A0706KPN_A0706KPN-tet_rpg-hmmsearched.out.fargene	rpg	rpg_reference_sequences-aligned	fargene_hmms	0.1	rpg_reference_sequences-aligned	fargene	0.1	gene_presence_detected					rpg				14135	12387	13063	386										646	5	619			
A0706KPN_A0706KPN-tet_rpg-hmmsearched.out.fargene	rpg	rpg_reference_sequences-aligned	fargene_hmms	0.1	rpg_reference_sequences-aligned	fargene	0.1	gene_presence_detected					rpg				5748	4989	5671	1146										646	5	620			
A0706KPN_A0706KPN-tet_rpg-hmmsearched.out.fargene	rpg	rpg_reference_sequences-aligned	fargene_hmms	0.1	rpg_reference_sequences-aligned	fargene	0.1	gene_presence_detected					rpg				5748	5718	5735	1146										646	4	21			
A0706KPN_A0706KPN-tet_rpg-hmmsearched.out.fargene	rpg	rpg_reference_sequences-aligned	fargene_hmms	0.1	rpg_reference_sequences-aligned	fargene	0.1	gene_presence_detected					rpg				19557	987	1438	173										646	7	421			
A0706KPN_A0706KPN-tet_rpg-hmmsearched.out.fargene	rpg	rpg_reference_sequences-aligned	fargene_hmms	0.1	rpg_reference_sequences-aligned	fargene	0.1	gene_presence_detected					rpg				6896	5219	5357	935										646	4	144			
A0706KPN_A0706KPN-tet_rpg-hmmsearched.out.fargene	rpg	rpg_reference_sequences-aligned	fargene_hmms	0.1	rpg_reference_sequences-aligned	fargene	0.1	gene_presence_detected					rpg				6896	5373	5520	935										646	216	349			
A0706KPN_A0706KPN-tet_rpg-hmmsearched.out.fargene	rpg	rpg_reference_sequences-aligned	fargene_hmms	0.1	rpg_reference_sequences-aligned	fargene	0.1	gene_presence_detected					rpg				6896	5610	5688	935										646	539	616			
A0706KPN_A0706KPN-tet_rpg-hmmsearched.out.fargene	rpg	rpg_reference_sequences-aligned	fargene_hmms	0.1	rpg_reference_sequences-aligned	fargene	0.1	gene_presence_detected					rpg				37913	5723	5870	25										646	2	147			
A0706KPN_A0706KPN-tet_rpg-hmmsearched.out.fargene	rpg	rpg_reference_sequences-aligned	fargene_hmms	0.1	rpg_reference_sequences-aligned	fargene	0.1	gene_presence_detected					rpg				37913	5881	6105	25										646	221	438			
A0706KPN_A0706KPN-tet_rpg-hmmsearched.out.fargene	rpg	rpg_reference_sequences-aligned	fargene_hmms	0.1	rpg_reference_sequences-aligned	fargene	0.1	gene_presence_detected					rpg				37913	6118	6195	25										646	537	613			
A0706KPN_A0706KPN-tet_rpg-hmmsearched.out.fargene	rpg	rpg_reference_sequences-aligned	fargene_hmms	0.1	rpg_reference_sequences-aligned	fargene	0.1	gene_presence_detected					rpg				338	8	116	3751										646	44	149			
A0706KPN_A0706KPN-tet_rpg-hmmsearched.out.fargene	rpg	rpg_reference_sequences-aligned	fargene_hmms	0.1	rpg_reference_sequences-aligned	fargene	0.1	gene_presence_detected					rpg				8604	1133	1253	754										646	30	144			
A0706KPN_A0706KPN-tet_rpg-hmmsearched.out.fargene	rpg	rpg_reference_sequences-aligned	fargene_hmms	0.1	rpg_reference_sequences-aligned	fargene	0.1	gene_presence_detected					rpg				8604	1271	1333	754										646	220	280			
A0706KPN_A0706KPN-tet_rpg-hmmsearched.out.fargene	rpg	rpg_reference_sequences-aligned	fargene_hmms	0.1	rpg_reference_sequences-aligned	fargene	0.1	gene_presence_detected					rpg				7148	1288	1378	891										646	43	132			
A0706KPN_A0706KPN-tet_rpg-hmmsearched.out.fargene	rpg	rpg_reference_sequences-aligned	fargene_hmms	0.1	rpg_reference_sequences-aligned	fargene	0.1	gene_presence_detected					rpg				7747	505	635	833										646	30	148			
A0706KPN_A0706KPN-tet_rpg-hmmsearched.out.fargene	rpg	rpg_reference_sequences-aligned	fargene_hmms	0.1	rpg_reference_sequences-aligned	fargene	0.1	gene_presence_detected					rpg				80	49	68	6762										646	3	22			
A0706KPN_orfs-class_A-hmmsearched.out.fargene	classA	classA_70_centroids-aligned	fargene_hmms	0.1	classA_70_centroids-aligned	fargene	0.1	gene_presence_detected					classA				292	7	290	333_seq1_1										295	6	292			
A0706KPN_orfs-class_A-hmmsearched.out.fargene	classA	classA_70_centroids-aligned	fargene_hmms	0.1	classA_70_centroids-aligned	fargene	0.1	gene_presence_detected					classA				287	7	285	90_seq1_1										295	16	294			
A0706KPN_orfs-class_A-hmmsearched.out.fargene	classA	classA_70_centroids-aligned	fargene_hmms	0.1	classA_70_centroids-aligned	fargene	0.1	gene_presence_detected					classA				287	26	285	213_seq1_1										295	33	292			
A0706KPN_orfs-class_D_1-hmmsearched.out.fargene	oxa	oxa_g1_70_centroids-aligned	fargene_hmms	0.1	oxa_g1_70_centroids-aligned	fargene	0.1	gene_presence_detected					oxa				277	16	273	294_seq1_1										270	9	265			
A0706KPN_orfs-qnr-hmmsearched.out.fargene	pmqnr	pmqnr_20120719.pfa	fargene_hmms	0.1	pmqnr_20120719.pfa	fargene	0.1	gene_presence_detected					pmqnr				215	1	214	191_seq1_1										217	4	217			
A0706KPN_orfs-tet_efflux-hmmsearched.out.fargene	efflux	efflux_model_group_1-aligned	fargene_hmms	0.1	efflux_model_group_1-aligned	fargene	0.1	gene_presence_detected					efflux				400	4	392	258_seq1_1										399	2	391			
A0706KPN_retrieved-genes-class_A-hmmsearched.out.fargene	classA	classA_70_centroids-aligned	fargene_hmms	0.1	classA_70_centroids-aligned	fargene	0.1	gene_presence_detected					classA				291	7	289	A0706KPN_333_seq1_1										295	6	291			
A0706KPN_retrieved-genes-class_A-hmmsearched.out.fargene	classA	classA_70_centroids-aligned	fargene_hmms	0.1	classA_70_centroids-aligned	fargene	0.1	gene_presence_detected					classA				295	13	294	A0706KPN_90_seq1_4										295	15	294			
A0706KPN_retrieved-genes-class_A-hmmsearched.out.fargene	classA	classA_70_centroids-aligned	fargene_hmms	0.1	classA_70_centroids-aligned	fargene	0.1	gene_presence_detected					classA				289	26	288	A0706KPN_213_seq1_4										295	29	292			
A0706KPN_retrieved-genes-class_D_1-hmmsearched.out.fargene	oxa	oxa_g1_70_centroids-aligned	fargene_hmms	0.1	oxa_g1_70_centroids-aligned	fargene	0.1	gene_presence_detected					oxa				267	8	264	A0706KPN_294_seq1_4										270	10	265			
A0706KPN_retrieved-genes-class_D_2-hmmsearched.out.fargene	oxa	oxa_g2_70_centroids-aligned	fargene_hmms	0.1	oxa_g2_70_centroids-aligned	fargene	0.1	gene_presence_detected					oxa				269	10	268	A0706KPN_290_seq1_1										270	8	269			
A0706KPN_retrieved-genes-qnr-hmmsearched.out.fargene	pmqnr	pmqnr_20120719.pfa	fargene_hmms	0.1	pmqnr_20120719.pfa	fargene	0.1	gene_presence_detected					pmqnr				217	2	217	A0706KPN_191_seq1_4										217	2	217			
A0706KPN_retrieved-genes-tet_efflux-hmmsearched.out.fargene	efflux	efflux_model_group_1-aligned	fargene_hmms	0.1	efflux_model_group_1-aligned	fargene	0.1	gene_presence_detected					efflux				396	2	389	A0706KPN_258_seq1_1										399	2	390			
A0709KPN_A0709KPN-class_A-hmmsearched.out.fargene	classA	classA_70_centroids-aligned	fargene_hmms	0.1	classA_70_centroids-aligned	fargene	0.1	gene_presence_detected					classA				10398	23	306	471										295	6	292			
A0709KPN_A0709KPN-class_A-hmmsearched.out.fargene	classA	classA_70_centroids-aligned	fargene_hmms	0.1	classA_70_centroids-aligned	fargene	0.1	gene_presence_detected					classA				75226	70860	71141	45										295	14	293			
A0709KPN_A0709KPN-class_B_1_2-hmmsearched.out.fargene	b1	b1_b2_70_centroids-aligned	fargene_hmms	0.1	b1_b2_70_centroids-aligned	fargene	0.1	gene_presence_detected					b1				18476	15816	16024	366										248	46	240			
A0709KPN_A0709KPN-class_B_3-hmmsearched.out.fargene	b3	b3_70_centroids-aligned	fargene_hmms	0.1	b3_70_centroids-aligned	fargene	0.1	gene_presence_detected					b3				96573	34004	34108	16										300	82	191			
A0709KPN_A0709KPN-class_B_3-hmmsearched.out.fargene	b3	b3_70_centroids-aligned	fargene_hmms	0.1	b3_70_centroids-aligned	fargene	0.1	gene_presence_detected					b3				9135	1762	1909	524										300	56	194			
A0709KPN_A0709KPN-class_B_3-hmmsearched.out.fargene	b3	b3_70_centroids-aligned	fargene_hmms	0.1	b3_70_centroids-aligned	fargene	0.1	gene_presence_detected					b3				75226	22354	22465	46										300	86	198			
A0709KPN_A0709KPN-class_B_3-hmmsearched.out.fargene	b3	b3_70_centroids-aligned	fargene_hmms	0.1	b3_70_centroids-aligned	fargene	0.1	gene_presence_detected					b3				47536	6660	6726	84										300	58	112			
A0709KPN_A0709KPN-class_B_3-hmmsearched.out.fargene	b3	b3_70_centroids-aligned	fargene_hmms	0.1	b3_70_centroids-aligned	fargene	0.1	gene_presence_detected					b3				40975	38614	38683	136										300	100	190			
A0709KPN_A0709KPN-class_B_3-hmmsearched.out.fargene	b3	b3_70_centroids-aligned	fargene_hmms	0.1	b3_70_centroids-aligned	fargene	0.1	gene_presence_detected					b3				23046	5779	5853	292										300	61	136			
A0709KPN_A0709KPN-class_C-hmmsearched.out.fargene	class	class_C_70_centroids-aligned	fargene_hmms	0.1	class_C_70_centroids-aligned	fargene	0.1	gene_presence_detected					class				47130	43427	43767	94										389	15	367			
A0709KPN_A0709KPN-class_C-hmmsearched.out.fargene	class	class_C_70_centroids-aligned	fargene_hmms	0.1	class_C_70_centroids-aligned	fargene	0.1	gene_presence_detected					class				80039	28361	28508	32										389	82	214			
A0709KPN_A0709KPN-class_D_1-hmmsearched.out.fargene	oxa	oxa_g1_70_centroids-aligned	fargene_hmms	0.1	oxa_g1_70_centroids-aligned	fargene	0.1	gene_presence_detected					oxa				744	52	246	755										270	29	240			
A0709KPN_A0709KPN-class_D_2-hmmsearched.out.fargene	oxa	oxa_g2_70_centroids-aligned	fargene_hmms	0.1	oxa_g2_70_centroids-aligned	fargene	0.1	gene_presence_detected					oxa				744	14	272	755										270	8	269			
A0709KPN_A0709KPN-class_D_2-hmmsearched.out.fargene	oxa	oxa_g2_70_centroids-aligned	fargene_hmms	0.1	oxa_g2_70_centroids-aligned	fargene	0.1	gene_presence_detected					oxa				18476	14081	14171	361										270	71	152			
A0709KPN_A0709KPN-tet_efflux-hmmsearched.out.fargene	efflux	efflux_model_group_1-aligned	fargene_hmms	0.1	efflux_model_group_1-aligned	fargene	0.1	gene_presence_detected					efflux				47130	5743	5951	93										399	15	223			
A0709KPN_A0709KPN-tet_efflux-hmmsearched.out.fargene	efflux	efflux_model_group_1-aligned	fargene_hmms	0.1	efflux_model_group_1-aligned	fargene	0.1	gene_presence_detected					efflux				47130	5947	6123	93										399	13	186			
A0709KPN_A0709KPN-tet_efflux-hmmsearched.out.fargene	efflux	efflux_model_group_1-aligned	fargene_hmms	0.1	efflux_model_group_1-aligned	fargene	0.1	gene_presence_detected					efflux				96572	15937	16247	13										399	63	375			
A0709KPN_A0709KPN-tet_efflux-hmmsearched.out.fargene	efflux	efflux_model_group_1-aligned	fargene_hmms	0.1	efflux_model_group_1-aligned	fargene	0.1	gene_presence_detected					efflux				96572	20220	20599	13										399	4	382			
A0709KPN_A0709KPN-tet_efflux-hmmsearched.out.fargene	efflux	efflux_model_group_1-aligned	fargene_hmms	0.1	efflux_model_group_1-aligned	fargene	0.1	gene_presence_detected					efflux				96572	83245	83270	13										399	131	155			
A0709KPN_A0709KPN-tet_efflux-hmmsearched.out.fargene	efflux	efflux_model_group_1-aligned	fargene_hmms	0.1	efflux_model_group_1-aligned	fargene	0.1	gene_presence_detected					efflux				96572	94064	94306	13										399	64	307			
A0709KPN_A0709KPN-tet_efflux-hmmsearched.out.fargene	efflux	efflux_model_group_1-aligned	fargene_hmms	0.1	efflux_model_group_1-aligned	fargene	0.1	gene_presence_detected					efflux				15924	1267	1450	416										399	5	189			
A0709KPN_A0709KPN-tet_efflux-hmmsearched.out.fargene	efflux	efflux_model_group_1-aligned	fargene_hmms	0.1	efflux_model_group_1-aligned	fargene	0.1	gene_presence_detected					efflux				15924	7997	8176	416										399	7	188			
A0709KPN_A0709KPN-tet_efflux-hmmsearched.out.fargene	efflux	efflux_model_group_1-aligned	fargene_hmms	0.1	efflux_model_group_1-aligned	fargene	0.1	gene_presence_detected					efflux				15924	8271	8404	416										399	235	364			
A0709KPN_A0709KPN-tet_efflux-hmmsearched.out.fargene	efflux	efflux_model_group_1-aligned	fargene_hmms	0.1	efflux_model_group_1-aligned	fargene	0.1	gene_presence_detected					efflux				47130	23050	23300	96										399	11	262			
A0709KPN_A0709KPN-tet_efflux-hmmsearched.out.fargene	efflux	efflux_model_group_1-aligned	fargene_hmms	0.1	efflux_model_group_1-aligned	fargene	0.1	gene_presence_detected					efflux				47130	23351	23416	96										399	112	176			
A0709KPN_A0709KPN-tet_efflux-hmmsearched.out.fargene	efflux	efflux_model_group_1-aligned	fargene_hmms	0.1	efflux_model_group_1-aligned	fargene	0.1	gene_presence_detected					efflux				15923	10526	10855	413										399	20	352			
A0709KPN_A0709KPN-tet_efflux-hmmsearched.out.fargene	efflux	efflux_model_group_1-aligned	fargene_hmms	0.1	efflux_model_group_1-aligned	fargene	0.1	gene_presence_detected					efflux				67582	47807	47980	61										399	21	189			
A0709KPN_A0709KPN-tet_efflux-hmmsearched.out.fargene	efflux	efflux_model_group_1-aligned	fargene_hmms	0.1	efflux_model_group_1-aligned	fargene	0.1	gene_presence_detected					efflux				33407	18418	18720	201										399	3	311			
A0709KPN_A0709KPN-tet_efflux-hmmsearched.out.fargene	efflux	efflux_model_group_1-aligned	fargene_hmms	0.1	efflux_model_group_1-aligned	fargene	0.1	gene_presence_detected					efflux				75226	40498	40648	45										399	16	166			
A0709KPN_A0709KPN-tet_efflux-hmmsearched.out.fargene	efflux	efflux_model_group_1-aligned	fargene_hmms	0.1	efflux_model_group_1-aligned	fargene	0.1	gene_presence_detected					efflux				75226	43949	44070	45										399	46	166			
A0709KPN_A0709KPN-tet_efflux-hmmsearched.out.fargene	efflux	efflux_model_group_1-aligned	fargene_hmms	0.1	efflux_model_group_1-aligned	fargene	0.1	gene_presence_detected					efflux				75226	44163	44358	45										399	13	199			
A0709KPN_A0709KPN-tet_efflux-hmmsearched.out.fargene	efflux	efflux_model_group_1-aligned	fargene_hmms	0.1	efflux_model_group_1-aligned	fargene	0.1	gene_presence_detected					efflux				75226	55406	55779	45										399	5	389			
A0709KPN_A0709KPN-tet_efflux-hmmsearched.out.fargene	efflux	efflux_model_group_1-aligned	fargene_hmms	0.1	efflux_model_group_1-aligned	fargene	0.1	gene_presence_detected					efflux				75226	64632	64812	45										399	3	184			
A0709KPN_A0709KPN-tet_efflux-hmmsearched.out.fargene	efflux	efflux_model_group_1-aligned	fargene_hmms	0.1	efflux_model_group_1-aligned	fargene	0.1	gene_presence_detected					efflux				21488	18362	18514	315										399	37	187			
A0709KPN_A0709KPN-tet_efflux-hmmsearched.out.fargene	efflux	efflux_model_group_1-aligned	fargene_hmms	0.1	efflux_model_group_1-aligned	fargene	0.1	gene_presence_detected					efflux				21488	18639	18749	315										399	62	168			
A0709KPN_A0709KPN-tet_efflux-hmmsearched.out.fargene	efflux	efflux_model_group_1-aligned	fargene_hmms	0.1	efflux_model_group_1-aligned	fargene	0.1	gene_presence_detected					efflux				10398	6240	6380	474										399	48	186			
A0709KPN_A0709KPN-tet_efflux-hmmsearched.out.fargene	efflux	efflux_model_group_1-aligned	fargene_hmms	0.1	efflux_model_group_1-aligned	fargene	0.1	gene_presence_detected					efflux				2151	1211	1398	673										399	40	223			
A0709KPN_A0709KPN-tet_efflux-hmmsearched.out.fargene	efflux	efflux_model_group_1-aligned	fargene_hmms	0.1	efflux_model_group_1-aligned	fargene	0.1	gene_presence_detected					efflux				2151	1520	1547	673										399	50	164			
A0709KPN_A0709KPN-tet_enzyme-hmmsearched.out.fargene	enzyme	enzyme_reduced_tetX1_X3-aligned	fargene_hmms	0.1	enzyme_reduced_tetX1_X3-aligned	fargene	0.1	gene_presence_detected					enzyme				75226	50213	50541	46										389	6	335			
A0709KPN_A0709KPN-tet_enzyme-hmmsearched.out.fargene	enzyme	enzyme_reduced_tetX1_X3-aligned	fargene_hmms	0.1	enzyme_reduced_tetX1_X3-aligned	fargene	0.1	gene_presence_detected					enzyme				67581	30375	30713	64										389	4	345			
A0709KPN_A0709KPN-tet_enzyme-hmmsearched.out.fargene	enzyme	enzyme_reduced_tetX1_X3-aligned	fargene_hmms	0.1	enzyme_reduced_tetX1_X3-aligned	fargene	0.1	gene_presence_detected					enzyme				23763	4810	4977	281										389	8	166			
A0709KPN_A0709KPN-tet_enzyme-hmmsearched.out.fargene	enzyme	enzyme_reduced_tetX1_X3-aligned	fargene_hmms	0.1	enzyme_reduced_tetX1_X3-aligned	fargene	0.1	gene_presence_detected					enzyme				23763	5082	5123	281										389	279	320			
A0709KPN_A0709KPN-tet_enzyme-hmmsearched.out.fargene	enzyme	enzyme_reduced_tetX1_X3-aligned	fargene_hmms	0.1	enzyme_reduced_tetX1_X3-aligned	fargene	0.1	gene_presence_detected					enzyme				28857	28429	28599	233										389	5	167			
A0709KPN_A0709KPN-tet_enzyme-hmmsearched.out.fargene	enzyme	enzyme_reduced_tetX1_X3-aligned	fargene_hmms	0.1	enzyme_reduced_tetX1_X3-aligned	fargene	0.1	gene_presence_detected					enzyme				28857	28708	28743	233										389	286	321			
A0709KPN_A0709KPN-tet_enzyme-hmmsearched.out.fargene	enzyme	enzyme_reduced_tetX1_X3-aligned	fargene_hmms	0.1	enzyme_reduced_tetX1_X3-aligned	fargene	0.1	gene_presence_detected					enzyme				23762	4410	4725	283										389	8	322			
A0709KPN_A0709KPN-tet_enzyme-hmmsearched.out.fargene	enzyme	enzyme_reduced_tetX1_X3-aligned	fargene_hmms	0.1	enzyme_reduced_tetX1_X3-aligned	fargene	0.1	gene_presence_detected					enzyme				9536	6750	6812	516										389	6	66			
A0709KPN_A0709KPN-tet_enzyme-hmmsearched.out.fargene	enzyme	enzyme_reduced_tetX1_X3-aligned	fargene_hmms	0.1	enzyme_reduced_tetX1_X3-aligned	fargene	0.1	gene_presence_detected					enzyme				9536	7026	7051	516										389	283	308			
A0709KPN_A0709KPN-tet_enzyme-hmmsearched.out.fargene	enzyme	enzyme_reduced_tetX1_X3-aligned	fargene_hmms	0.1	enzyme_reduced_tetX1_X3-aligned	fargene	0.1	gene_presence_detected					enzyme				27970	12316	12349	254										389	6	39			
A0709KPN_A0709KPN-tet_enzyme-hmmsearched.out.fargene	enzyme	enzyme_reduced_tetX1_X3-aligned	fargene_hmms	0.1	enzyme_reduced_tetX1_X3-aligned	fargene	0.1	gene_presence_detected					enzyme				43183	25666	25699	116										389	7	40			
A0709KPN_A0709KPN-tet_enzyme-hmmsearched.out.fargene	enzyme	enzyme_reduced_tetX1_X3-aligned	fargene_hmms	0.1	enzyme_reduced_tetX1_X3-aligned	fargene	0.1	gene_presence_detected					enzyme				21487	20593	20645	313										389	4	58			
A0709KPN_A0709KPN-tet_enzyme-hmmsearched.out.fargene	enzyme	enzyme_reduced_tetX1_X3-aligned	fargene_hmms	0.1	enzyme_reduced_tetX1_X3-aligned	fargene	0.1	gene_presence_detected					enzyme				3572	1945	1995	635										389	5	50			
A0709KPN_A0709KPN-tet_rpg-hmmsearched.out.fargene	rpg	rpg_reference_sequences-aligned	fargene_hmms	0.1	rpg_reference_sequences-aligned	fargene	0.1	gene_presence_detected					rpg				6282	4547	5223	582										646	5	619			
A0709KPN_A0709KPN-tet_rpg-hmmsearched.out.fargene	rpg	rpg_reference_sequences-aligned	fargene_hmms	0.1	rpg_reference_sequences-aligned	fargene	0.1	gene_presence_detected					rpg				34985	34234	34916	194										646	5	620			
A0709KPN_A0709KPN-tet_rpg-hmmsearched.out.fargene	rpg	rpg_reference_sequences-aligned	fargene_hmms	0.1	rpg_reference_sequences-aligned	fargene	0.1	gene_presence_detected					rpg				34985	34963	34980	194										646	4	21			
A0709KPN_A0709KPN-tet_rpg-hmmsearched.out.fargene	rpg	rpg_reference_sequences-aligned	fargene_hmms	0.1	rpg_reference_sequences-aligned	fargene	0.1	gene_presence_detected					rpg				89521	987	1438	23										646	7	421			
A0709KPN_A0709KPN-tet_rpg-hmmsearched.out.fargene	rpg	rpg_reference_sequences-aligned	fargene_hmms	0.1	rpg_reference_sequences-aligned	fargene	0.1	gene_presence_detected					rpg				31321	5233	5371	211										646	4	144			
A0709KPN_A0709KPN-tet_rpg-hmmsearched.out.fargene	rpg	rpg_reference_sequences-aligned	fargene_hmms	0.1	rpg_reference_sequences-aligned	fargene	0.1	gene_presence_detected					rpg				31321	5387	5535	211										646	216	350			
A0709KPN_A0709KPN-tet_rpg-hmmsearched.out.fargene	rpg	rpg_reference_sequences-aligned	fargene_hmms	0.1	rpg_reference_sequences-aligned	fargene	0.1	gene_presence_detected					rpg				31321	5624	5702	211										646	539	616			
A0709KPN_A0709KPN-tet_rpg-hmmsearched.out.fargene	rpg	rpg_reference_sequences-aligned	fargene_hmms	0.1	rpg_reference_sequences-aligned	fargene	0.1	gene_presence_detected					rpg				29278	5826	5973	221										646	2	147			
A0709KPN_A0709KPN-tet_rpg-hmmsearched.out.fargene	rpg	rpg_reference_sequences-aligned	fargene_hmms	0.1	rpg_reference_sequences-aligned	fargene	0.1	gene_presence_detected					rpg				29278	5984	6208	221										646	221	438			
A0709KPN_A0709KPN-tet_rpg-hmmsearched.out.fargene	rpg	rpg_reference_sequences-aligned	fargene_hmms	0.1	rpg_reference_sequences-aligned	fargene	0.1	gene_presence_detected					rpg				29278	6221	6298	221										646	537	613			
A0709KPN_A0709KPN-tet_rpg-hmmsearched.out.fargene	rpg	rpg_reference_sequences-aligned	fargene_hmms	0.1	rpg_reference_sequences-aligned	fargene	0.1	gene_presence_detected					rpg				346	14	124	886										646	42	149			
A0709KPN_A0709KPN-tet_rpg-hmmsearched.out.fargene	rpg	rpg_reference_sequences-aligned	fargene_hmms	0.1	rpg_reference_sequences-aligned	fargene	0.1	gene_presence_detected					rpg				43183	33433	33553	112										646	30	144			
A0709KPN_A0709KPN-tet_rpg-hmmsearched.out.fargene	rpg	rpg_reference_sequences-aligned	fargene_hmms	0.1	rpg_reference_sequences-aligned	fargene	0.1	gene_presence_detected					rpg				13994	6752	6882	421										646	30	148			
A0709KPN_A0709KPN-tet_rpg-hmmsearched.out.fargene	rpg	rpg_reference_sequences-aligned	fargene_hmms	0.1	rpg_reference_sequences-aligned	fargene	0.1	gene_presence_detected					rpg				27690	21832	21922	266										646	43	132			
A0709KPN_A0709KPN-tet_rpg-hmmsearched.out.fargene	rpg	rpg_reference_sequences-aligned	fargene_hmms	0.1	rpg_reference_sequences-aligned	fargene	0.1	gene_presence_detected					rpg				72	49	67	1024										646	3	21			
A0709KPN_orfs-class_A-hmmsearched.out.fargene	classA	classA_70_centroids-aligned	fargene_hmms	0.1	classA_70_centroids-aligned	fargene	0.1	gene_presence_detected					classA				292	7	290	47_seq1_1										295	6	292			
A0709KPN_orfs-class_A-hmmsearched.out.fargene	classA	classA_70_centroids-aligned	fargene_hmms	0.1	classA_70_centroids-aligned	fargene	0.1	gene_presence_detected					classA				287	7	285	4_seq1_1										295	16	294			
A0709KPN_orfs-class_D_2-hmmsearched.out.fargene	oxa	oxa_g2_70_centroids-aligned	fargene_hmms	0.1	oxa_g2_70_centroids-aligned	fargene	0.1	gene_presence_detected					oxa				266	6	264	75_seq1_1										270	8	269			
A0709KPN_retrieved-genes-class_A-hmmsearched.out.fargene	classA	classA_70_centroids-aligned	fargene_hmms	0.1	classA_70_centroids-aligned	fargene	0.1	gene_presence_detected					classA				291	7	289	A0709KPN_47_seq1_1										295	6	291			
A0709KPN_retrieved-genes-class_A-hmmsearched.out.fargene	classA	classA_70_centroids-aligned	fargene_hmms	0.1	classA_70_centroids-aligned	fargene	0.1	gene_presence_detected					classA				295	12	294	A0709KPN_4_seq1_4										295	14	294			
A0709KPN_retrieved-genes-class_D_2-hmmsearched.out.fargene	oxa	oxa_g2_70_centroids-aligned	fargene_hmms	0.1	oxa_g2_70_centroids-aligned	fargene	0.1	gene_presence_detected					oxa				269	10	268	A0709KPN_75_seq1_4										270	8	269			
A0710KPN_A0710KPN-class_A-hmmsearched.out.fargene	classA	classA_70_centroids-aligned	fargene_hmms	0.1	classA_70_centroids-aligned	fargene	0.1	gene_presence_detected					classA				439	23	306	906										295	6	292			
A0710KPN_A0710KPN-class_A-hmmsearched.out.fargene	classA	classA_70_centroids-aligned	fargene_hmms	0.1	classA_70_centroids-aligned	fargene	0.1	gene_presence_detected					classA				1744	395	657	674										295	29	292			
A0710KPN_A0710KPN-class_A-hmmsearched.out.fargene	classA	classA_70_centroids-aligned	fargene_hmms	0.1	classA_70_centroids-aligned	fargene	0.1	gene_presence_detected					classA				29271	24905	25186	251										295	14	293			
A0710KPN_A0710KPN-class_B_1_2-hmmsearched.out.fargene	b1	b1_b2_70_centroids-aligned	fargene_hmms	0.1	b1_b2_70_centroids-aligned	fargene	0.1	gene_presence_detected					b1				64673	62013	62205	85										248	46	227			
A0710KPN_A0710KPN-class_B_3-hmmsearched.out.fargene	b3	b3_70_centroids-aligned	fargene_hmms	0.1	b3_70_centroids-aligned	fargene	0.1	gene_presence_detected					b3				74231	11620	11724	55										300	82	191			
A0710KPN_A0710KPN-class_B_3-hmmsearched.out.fargene	b3	b3_70_centroids-aligned	fargene_hmms	0.1	b3_70_centroids-aligned	fargene	0.1	gene_presence_detected					b3				61539	54166	54313	94										300	56	194			
A0710KPN_A0710KPN-class_B_3-hmmsearched.out.fargene	b3	b3_70_centroids-aligned	fargene_hmms	0.1	b3_70_centroids-aligned	fargene	0.1	gene_presence_detected					b3				64673	41064	41175	82										300	86	198			
A0710KPN_A0710KPN-class_B_3-hmmsearched.out.fargene	b3	b3_70_centroids-aligned	fargene_hmms	0.1	b3_70_centroids-aligned	fargene	0.1	gene_presence_detected					b3				8206	6660	6726	511										300	58	112			
A0710KPN_A0710KPN-class_B_3-hmmsearched.out.fargene	b3	b3_70_centroids-aligned	fargene_hmms	0.1	b3_70_centroids-aligned	fargene	0.1	gene_presence_detected					b3				45285	42925	42994	123										300	100	190			
A0710KPN_A0710KPN-class_B_3-hmmsearched.out.fargene	b3	b3_70_centroids-aligned	fargene_hmms	0.1	b3_70_centroids-aligned	fargene	0.1	gene_presence_detected					b3				64694	47430	47504	72										300	61	136			
A0710KPN_A0710KPN-class_C-hmmsearched.out.fargene	class	class_C_70_centroids-aligned	fargene_hmms	0.1	class_C_70_centroids-aligned	fargene	0.1	gene_presence_detected					class				45285	610	950	121										389	15	367			
A0710KPN_A0710KPN-class_C-hmmsearched.out.fargene	class	class_C_70_centroids-aligned	fargene_hmms	0.1	class_C_70_centroids-aligned	fargene	0.1	gene_presence_detected					class				31353	15582	15729	181										389	82	214			
A0710KPN_A0710KPN-class_D_1-hmmsearched.out.fargene	oxa	oxa_g1_70_centroids-aligned	fargene_hmms	0.1	oxa_g1_70_centroids-aligned	fargene	0.1	gene_presence_detected					oxa				748	283	540	792										270	9	265			
A0710KPN_A0710KPN-class_D_1-hmmsearched.out.fargene	oxa	oxa_g1_70_centroids-aligned	fargene_hmms	0.1	oxa_g1_70_centroids-aligned	fargene	0.1	gene_presence_detected					oxa				744	52	246	802										270	29	240			
A0710KPN_A0710KPN-class_D_2-hmmsearched.out.fargene	oxa	oxa_g2_70_centroids-aligned	fargene_hmms	0.1	oxa_g2_70_centroids-aligned	fargene	0.1	gene_presence_detected					oxa				744	14	272	802										270	8	269			
A0710KPN_A0710KPN-class_D_2-hmmsearched.out.fargene	oxa	oxa_g2_70_centroids-aligned	fargene_hmms	0.1	oxa_g2_70_centroids-aligned	fargene	0.1	gene_presence_detected					oxa				748	272	516	792										270	8	244			
A0710KPN_A0710KPN-class_D_2-hmmsearched.out.fargene	oxa	oxa_g2_70_centroids-aligned	fargene_hmms	0.1	oxa_g2_70_centroids-aligned	fargene	0.1	gene_presence_detected					oxa				64672	14080	14170	83										270	71	152			
A0710KPN_A0710KPN-tet_efflux-hmmsearched.out.fargene	efflux	efflux_model_group_1-aligned	fargene_hmms	0.1	efflux_model_group_1-aligned	fargene	0.1	gene_presence_detected					efflux				42826	1432	1640	135										399	15	223			
A0710KPN_A0710KPN-tet_efflux-hmmsearched.out.fargene	efflux	efflux_model_group_1-aligned	fargene_hmms	0.1	efflux_model_group_1-aligned	fargene	0.1	gene_presence_detected					efflux				42826	1636	1812	135										399	13	186			
A0710KPN_A0710KPN-tet_efflux-hmmsearched.out.fargene	efflux	efflux_model_group_1-aligned	fargene_hmms	0.1	efflux_model_group_1-aligned	fargene	0.1	gene_presence_detected					efflux				74230	15937	16247	53										399	63	375			
A0710KPN_A0710KPN-tet_efflux-hmmsearched.out.fargene	efflux	efflux_model_group_1-aligned	fargene_hmms	0.1	efflux_model_group_1-aligned	fargene	0.1	gene_presence_detected					efflux				74230	20220	20599	53										399	4	382			
A0710KPN_A0710KPN-tet_efflux-hmmsearched.out.fargene	efflux	efflux_model_group_1-aligned	fargene_hmms	0.1	efflux_model_group_1-aligned	fargene	0.1	gene_presence_detected					efflux				15924	1267	1450	404										399	5	189			
A0710KPN_A0710KPN-tet_efflux-hmmsearched.out.fargene	efflux	efflux_model_group_1-aligned	fargene_hmms	0.1	efflux_model_group_1-aligned	fargene	0.1	gene_presence_detected					efflux				15924	7997	8176	404										399	7	188			
A0710KPN_A0710KPN-tet_efflux-hmmsearched.out.fargene	efflux	efflux_model_group_1-aligned	fargene_hmms	0.1	efflux_model_group_1-aligned	fargene	0.1	gene_presence_detected					efflux				15924	8271	8404	404										399	235	364			
A0710KPN_A0710KPN-tet_efflux-hmmsearched.out.fargene	efflux	efflux_model_group_1-aligned	fargene_hmms	0.1	efflux_model_group_1-aligned	fargene	0.1	gene_presence_detected					efflux				42825	23057	23307	132										399	11	262			
A0710KPN_A0710KPN-tet_efflux-hmmsearched.out.fargene	efflux	efflux_model_group_1-aligned	fargene_hmms	0.1	efflux_model_group_1-aligned	fargene	0.1	gene_presence_detected					efflux				42825	23358	23423	132										399	112	176			
A0710KPN_A0710KPN-tet_efflux-hmmsearched.out.fargene	efflux	efflux_model_group_1-aligned	fargene_hmms	0.1	efflux_model_group_1-aligned	fargene	0.1	gene_presence_detected					efflux				15924	10527	10856	401										399	20	352			
A0710KPN_A0710KPN-tet_efflux-hmmsearched.out.fargene	efflux	efflux_model_group_1-aligned	fargene_hmms	0.1	efflux_model_group_1-aligned	fargene	0.1	gene_presence_detected					efflux				65810	26428	26577	65										399	27	175			
A0710KPN_A0710KPN-tet_efflux-hmmsearched.out.fargene	efflux	efflux_model_group_1-aligned	fargene_hmms	0.1	efflux_model_group_1-aligned	fargene	0.1	gene_presence_detected					efflux				65810	26648	26786	65										399	56	192			
A0710KPN_A0710KPN-tet_efflux-hmmsearched.out.fargene	efflux	efflux_model_group_1-aligned	fargene_hmms	0.1	efflux_model_group_1-aligned	fargene	0.1	gene_presence_detected					efflux				65810	47816	47989	65										399	21	189			
A0710KPN_A0710KPN-tet_efflux-hmmsearched.out.fargene	efflux	efflux_model_group_1-aligned	fargene_hmms	0.1	efflux_model_group_1-aligned	fargene	0.1	gene_presence_detected					efflux				33445	18456	18758	151										399	3	311			
A0710KPN_A0710KPN-tet_efflux-hmmsearched.out.fargene	efflux	efflux_model_group_1-aligned	fargene_hmms	0.1	efflux_model_group_1-aligned	fargene	0.1	gene_presence_detected					efflux				29271	9451	9824	251										399	5	389			
A0710KPN_A0710KPN-tet_efflux-hmmsearched.out.fargene	efflux	efflux_model_group_1-aligned	fargene_hmms	0.1	efflux_model_group_1-aligned	fargene	0.1	gene_presence_detected					efflux				29271	18677	18857	251										399	3	184			
A0710KPN_A0710KPN-tet_efflux-hmmsearched.out.fargene	efflux	efflux_model_group_1-aligned	fargene_hmms	0.1	efflux_model_group_1-aligned	fargene	0.1	gene_presence_detected					efflux				16261	13384	13524	395										399	48	186			
A0710KPN_A0710KPN-tet_efflux-hmmsearched.out.fargene	efflux	efflux_model_group_1-aligned	fargene_hmms	0.1	efflux_model_group_1-aligned	fargene	0.1	gene_presence_detected					efflux				64673	50421	50818	82										399	5	383			
A0710KPN_A0710KPN-tet_efflux-hmmsearched.out.fargene	efflux	efflux_model_group_1-aligned	fargene_hmms	0.1	efflux_model_group_1-aligned	fargene	0.1	gene_presence_detected					efflux				2151	1211	1398	624										399	40	223			
A0710KPN_A0710KPN-tet_efflux-hmmsearched.out.fargene	efflux	efflux_model_group_1-aligned	fargene_hmms	0.1	efflux_model_group_1-aligned	fargene	0.1	gene_presence_detected					efflux				2151	1520	1547	624										399	50	164			
A0710KPN_A0710KPN-tet_enzyme-hmmsearched.out.fargene	enzyme	enzyme_reduced_tetX1_X3-aligned	fargene_hmms	0.1	enzyme_reduced_tetX1_X3-aligned	fargene	0.1	gene_presence_detected					enzyme				29270	4257	4585	253										389	6	335			
A0710KPN_A0710KPN-tet_enzyme-hmmsearched.out.fargene	enzyme	enzyme_reduced_tetX1_X3-aligned	fargene_hmms	0.1	enzyme_reduced_tetX1_X3-aligned	fargene	0.1	gene_presence_detected					enzyme				65810	28590	28928	61										389	4	345			
A0710KPN_A0710KPN-tet_enzyme-hmmsearched.out.fargene	enzyme	enzyme_reduced_tetX1_X3-aligned	fargene_hmms	0.1	enzyme_reduced_tetX1_X3-aligned	fargene	0.1	gene_presence_detected					enzyme				28049	4810	4977	265										389	8	166			
A0710KPN_A0710KPN-tet_enzyme-hmmsearched.out.fargene	enzyme	enzyme_reduced_tetX1_X3-aligned	fargene_hmms	0.1	enzyme_reduced_tetX1_X3-aligned	fargene	0.1	gene_presence_detected					enzyme				28049	5082	5123	265										389	279	320			
A0710KPN_A0710KPN-tet_enzyme-hmmsearched.out.fargene	enzyme	enzyme_reduced_tetX1_X3-aligned	fargene_hmms	0.1	enzyme_reduced_tetX1_X3-aligned	fargene	0.1	gene_presence_detected					enzyme				80913	34936	35106	43										389	5	167			
A0710KPN_A0710KPN-tet_enzyme-hmmsearched.out.fargene	enzyme	enzyme_reduced_tetX1_X3-aligned	fargene_hmms	0.1	enzyme_reduced_tetX1_X3-aligned	fargene	0.1	gene_presence_detected					enzyme				80913	35215	35250	43										389	286	321			
A0710KPN_A0710KPN-tet_enzyme-hmmsearched.out.fargene	enzyme	enzyme_reduced_tetX1_X3-aligned	fargene_hmms	0.1	enzyme_reduced_tetX1_X3-aligned	fargene	0.1	gene_presence_detected					enzyme				28048	4410	4725	266										389	8	322			
A0710KPN_A0710KPN-tet_enzyme-hmmsearched.out.fargene	enzyme	enzyme_reduced_tetX1_X3-aligned	fargene_hmms	0.1	enzyme_reduced_tetX1_X3-aligned	fargene	0.1	gene_presence_detected					enzyme				30108	12112	12145	203										389	6	39			
A0710KPN_A0710KPN-tet_enzyme-hmmsearched.out.fargene	enzyme	enzyme_reduced_tetX1_X3-aligned	fargene_hmms	0.1	enzyme_reduced_tetX1_X3-aligned	fargene	0.1	gene_presence_detected					enzyme				46440	28847	28880	114										389	7	40			
A0710KPN_A0710KPN-tet_enzyme-hmmsearched.out.fargene	enzyme	enzyme_reduced_tetX1_X3-aligned	fargene_hmms	0.1	enzyme_reduced_tetX1_X3-aligned	fargene	0.1	gene_presence_detected					enzyme				99221	6750	6812	13										389	6	66			
A0710KPN_A0710KPN-tet_enzyme-hmmsearched.out.fargene	enzyme	enzyme_reduced_tetX1_X3-aligned	fargene_hmms	0.1	enzyme_reduced_tetX1_X3-aligned	fargene	0.1	gene_presence_detected					enzyme				99221	7026	7051	13										389	283	308			
A0710KPN_A0710KPN-tet_enzyme-hmmsearched.out.fargene	enzyme	enzyme_reduced_tetX1_X3-aligned	fargene_hmms	0.1	enzyme_reduced_tetX1_X3-aligned	fargene	0.1	gene_presence_detected					enzyme				42254	35080	35132	146										389	4	58			
A0710KPN_A0710KPN-tet_rpg-hmmsearched.out.fargene	rpg	rpg_reference_sequences-aligned	fargene_hmms	0.1	rpg_reference_sequences-aligned	fargene	0.1	gene_presence_detected					rpg				17480	16694	17376	373										646	5	620			
A0710KPN_A0710KPN-tet_rpg-hmmsearched.out.fargene	rpg	rpg_reference_sequences-aligned	fargene_hmms	0.1	rpg_reference_sequences-aligned	fargene	0.1	gene_presence_detected					rpg				17480	17423	17478	373										646	4	61			
A0710KPN_A0710KPN-tet_rpg-hmmsearched.out.fargene	rpg	rpg_reference_sequences-aligned	fargene_hmms	0.1	rpg_reference_sequences-aligned	fargene	0.1	gene_presence_detected					rpg				42254	40519	41195	144										646	5	619			
A0710KPN_A0710KPN-tet_rpg-hmmsearched.out.fargene	rpg	rpg_reference_sequences-aligned	fargene_hmms	0.1	rpg_reference_sequences-aligned	fargene	0.1	gene_presence_detected					rpg				99221	10631	11082	12										646	7	421			
A0710KPN_A0710KPN-tet_rpg-hmmsearched.out.fargene	rpg	rpg_reference_sequences-aligned	fargene_hmms	0.1	rpg_reference_sequences-aligned	fargene	0.1	gene_presence_detected					rpg				31343	5257	5395	191										646	4	144			
A0710KPN_A0710KPN-tet_rpg-hmmsearched.out.fargene	rpg	rpg_reference_sequences-aligned	fargene_hmms	0.1	rpg_reference_sequences-aligned	fargene	0.1	gene_presence_detected					rpg				31343	5411	5559	191										646	216	350			
A0710KPN_A0710KPN-tet_rpg-hmmsearched.out.fargene	rpg	rpg_reference_sequences-aligned	fargene_hmms	0.1	rpg_reference_sequences-aligned	fargene	0.1	gene_presence_detected					rpg				31343	5648	5726	191										646	539	616			
A0710KPN_A0710KPN-tet_rpg-hmmsearched.out.fargene	rpg	rpg_reference_sequences-aligned	fargene_hmms	0.1	rpg_reference_sequences-aligned	fargene	0.1	gene_presence_detected					rpg				29278	5826	5973	241										646	2	147			
A0710KPN_A0710KPN-tet_rpg-hmmsearched.out.fargene	rpg	rpg_reference_sequences-aligned	fargene_hmms	0.1	rpg_reference_sequences-aligned	fargene	0.1	gene_presence_detected					rpg				29278	5984	6208	241										646	221	438			
A0710KPN_A0710KPN-tet_rpg-hmmsearched.out.fargene	rpg	rpg_reference_sequences-aligned	fargene_hmms	0.1	rpg_reference_sequences-aligned	fargene	0.1	gene_presence_detected					rpg				29278	6221	6298	241										646	537	613			
A0710KPN_A0710KPN-tet_rpg-hmmsearched.out.fargene	rpg	rpg_reference_sequences-aligned	fargene_hmms	0.1	rpg_reference_sequences-aligned	fargene	0.1	gene_presence_detected					rpg				46440	33509	33629	113										646	30	144			
A0710KPN_A0710KPN-tet_rpg-hmmsearched.out.fargene	rpg	rpg_reference_sequences-aligned	fargene_hmms	0.1	rpg_reference_sequences-aligned	fargene	0.1	gene_presence_detected					rpg				311	10	89	981										646	73	149			
A0710KPN_A0710KPN-tet_rpg-hmmsearched.out.fargene	rpg	rpg_reference_sequences-aligned	fargene_hmms	0.1	rpg_reference_sequences-aligned	fargene	0.1	gene_presence_detected					rpg				15777	9919	10009	416										646	43	132			
A0710KPN_A0710KPN-tet_rpg-hmmsearched.out.fargene	rpg	rpg_reference_sequences-aligned	fargene_hmms	0.1	rpg_reference_sequences-aligned	fargene	0.1	gene_presence_detected					rpg				32791	25549	25679	166										646	30	148			
A0710KPN_A0710KPN-tet_rpg-hmmsearched.out.fargene	rpg	rpg_reference_sequences-aligned	fargene_hmms	0.1	rpg_reference_sequences-aligned	fargene	0.1	gene_presence_detected					rpg				1457	1400	1455	714										646	4	61			
A0710KPN_orfs-class_A-hmmsearched.out.fargene	classA	classA_70_centroids-aligned	fargene_hmms	0.1	classA_70_centroids-aligned	fargene	0.1	gene_presence_detected					classA				292	7	290	90_seq1_1										295	6	292			
A0710KPN_orfs-class_A-hmmsearched.out.fargene	classA	classA_70_centroids-aligned	fargene_hmms	0.1	classA_70_centroids-aligned	fargene	0.1	gene_presence_detected					classA				287	26	285	67_seq1_1										295	33	292			
A0710KPN_orfs-class_A-hmmsearched.out.fargene	classA	classA_70_centroids-aligned	fargene_hmms	0.1	classA_70_centroids-aligned	fargene	0.1	gene_presence_detected					classA				287	7	285	25_seq1_1										295	16	294			
A0710KPN_orfs-class_D_1-hmmsearched.out.fargene	oxa	oxa_g1_70_centroids-aligned	fargene_hmms	0.1	oxa_g1_70_centroids-aligned	fargene	0.1	gene_presence_detected					oxa				277	16	273	79_seq1_1										270	9	265			
A0710KPN_retrieved-genes-class_A-hmmsearched.out.fargene	classA	classA_70_centroids-aligned	fargene_hmms	0.1	classA_70_centroids-aligned	fargene	0.1	gene_presence_detected					classA				291	7	290	A0710KPN_90_seq1_4										295	6	292			
A0710KPN_retrieved-genes-class_A-hmmsearched.out.fargene	classA	classA_70_centroids-aligned	fargene_hmms	0.1	classA_70_centroids-aligned	fargene	0.1	gene_presence_detected					classA				289	26	287	A0710KPN_67_seq1_4										295	30	292			
A0710KPN_retrieved-genes-class_A-hmmsearched.out.fargene	classA	classA_70_centroids-aligned	fargene_hmms	0.1	classA_70_centroids-aligned	fargene	0.1	gene_presence_detected					classA				295	12	294	A0710KPN_25_seq1_1										295	14	294			
A0710KPN_retrieved-genes-class_D_1-hmmsearched.out.fargene	oxa	oxa_g1_70_centroids-aligned	fargene_hmms	0.1	oxa_g1_70_centroids-aligned	fargene	0.1	gene_presence_detected					oxa				267	9	266	A0710KPN_79_seq1_1										270	10	266			
A0710KPN_retrieved-genes-class_D_2-hmmsearched.out.fargene	oxa	oxa_g2_70_centroids-aligned	fargene_hmms	0.1	oxa_g2_70_centroids-aligned	fargene	0.1	gene_presence_detected					oxa				269	10	268	A0710KPN_80_seq1_1										270	8	269			
